{
  "project_info": {
    "project_number": "444885752773",
    "project_id": "deepak-41d05",
    "storage_bucket": "deepak-41d05.appspot.com"
  },
  "client": [
    {
      "client_info": {
        "mobilesdk_app_id": "1:444885752773:android:1ab8f29b9aa9f26fbf09ac",
        "android_client_info": {
          "package_name": "com.example.twiniot"
        }
      },
      "oauth_client": [
        {
          "client_id": "444885752773-s21embihg71j8scd1d132g6k9vjg1940.apps.googleusercontent.com",
          "client_type": 3
        }
      ],
      "api_key": [
        {
          "current_key": "AIzaSyDaiT4vZr8i1liMp-Bhag8h5RxAIe1LbPI"
        }
      ],
      "services": {
        "appinvite_service": {
          "other_platform_oauth_client": [
            {
              "client_id": "444885752773-s21embihg71j8scd1d132g6k9vjg1940.apps.googleusercontent.com",
              "client_type": 3
            }
          ]
        }
      }
    }
  ],
  "configuration_version": "1"
}